1,016cf54e277fbb5fcbee781198464a8d,164,2016-05-09T02:04:06.695+05:30,2016-05-09T02:06:56.851+05:30
3,6cf609817be93e370cc89cc9853447a0,374,2016-05-09T02:11:42.077+05:30,2016-05-09T02:18:02.915+05:30
4,3853aa6f9c93c5c28c8f7e96490e14d9,387,2016-05-09T02:52:11.311+05:30,2016-05-09T02:58:45.006+05:30
6,d74bbe5d1f1fdcc839d8de00295a1268,654,2016-05-09T02:21:57.759+05:30,2016-05-09T02:32:55.412+05:30
7,a479fc2813df40014ae010b3a889f196,2287,2016-05-09T02:06:51.173+05:30,2016-05-09T02:45:03.092+05:30
9,28c465255fa7c12743df508c5e555ee8,167,2016-05-09T02:13:43.147+05:30,2016-05-09T02:16:34.067+05:30
10,60a3190101e5beb024262c598fb5b05b,206,2016-05-09T02:32:05.976+05:30,2016-05-09T02:35:32.754+05:30
11,773e927e45e4045248e10f30ac63f7ba,87,2016-05-09T02:40:44.742+05:30,2016-05-09T02:42:43.759+05:30
12,f420f3f266c727a68886a39a2b09ddc8,29,2016-05-09T02:20:43.403+05:30,2016-05-09T02:21:14.570+05:30
13,71f0e391b278baaa46204ee62bd59235,66,2016-05-09T02:54:51.177+05:30,2016-05-09T02:55:57.932+05:30
14,bce909865abdb6687dd1ccbea1fb172a,28,2016-05-09T02:30:23.900+05:30,2016-05-09T02:30:51.948+05:30
15,bce909865abdb6687dd1ccbea1fb172a,157,2016-05-09T02:31:24.858+05:30,2016-05-09T02:34:09.339+05:30
16,6029d6dbff2e25d062d4e1942302813f,124,2016-05-09T02:56:50.533+05:30,2016-05-09T02:58:58.415+05:30
17,935216f9227f4a6d0388737017b45bba,100,2016-05-09T02:50:05.876+05:30,2016-05-09T02:51:46.417+05:30
18,5c780fdd6c96442f647f478e22c16a28,107,2016-05-09T02:43:35.027+05:30,2016-05-09T02:45:43.153+05:30
19,6c98d3177d1b039872591685636e9281,177,2016-05-09T02:13:04.037+05:30,2016-05-09T02:16:03.469+05:30
20,91666eb15c8dde898b808394af8833fc,304,2016-05-09T02:51:52.815+05:30,2016-05-09T02:56:57.224+05:30
21,b10b06f18e00e0832386e1b4380cd9fa,415,2016-05-09T02:35:36.360+05:30,2016-05-09T02:42:36.706+05:30
