1,e7a8379086d22c42b76fd71072393d1b,393,2016-05-09T02:33:30.627+05:30,2016-05-09T02:40:07.223+05:30
2,24440dd672c0e1fb26008e88e7ee6d7b,18,2016-05-09T02:36:12.917+05:30,2016-05-09T02:36:52.028+05:30
3,24440dd672c0e1fb26008e88e7ee6d7b,94,2016-05-09T02:38:12.721+05:30,2016-05-09T02:39:47.442+05:30
4,3a4b262ed5cf077ed6d2e016dc56f404,3,2016-05-09T02:29:20.843+05:30,2016-05-09T02:29:23.914+05:30
5,0a0236938628902735d764572e557295,90,2016-05-09T02:31:08.255+05:30,2016-05-09T02:32:42.054+05:30
6,28783ffa9d41a742a650d161dffe0444,465,2016-05-09T02:14:22.445+05:30,2016-05-09T02:22:26.144+05:30
7,e94e46a660886bfb17f593cc3000e23e,45,2016-05-09T02:08:12.589+05:30,2016-05-09T02:08:58.733+05:30
8,c4e08436b9c08eeee6926a0e59deb612,175,2016-05-09T02:05:43.559+05:30,2016-05-09T02:09:00.071+05:30
9,ce8441b71af9d94b14abb10dc0235aaf,2,2016-05-09T02:02:35.810+05:30,2016-05-09T02:02:38.664+05:30
10,6120480ce757080c164679691c029b58,102,2016-05-09T02:04:48.356+05:30,2016-05-09T02:06:34.896+05:30
11,0093ddb400bc62725f2aea19cdd6904c,139,2016-05-09T02:00:33.304+05:30,2016-05-09T02:02:53.746+05:30
12,28453ce9562035c19a89249cd9eb375f,5,2016-05-09T02:03:32.322+05:30,2016-05-09T02:03:44.770+05:30
13,28453ce9562035c19a89249cd9eb375f,43,2016-05-09T02:04:50.762+05:30,2016-05-09T02:05:35.555+05:30
14,fe0424ee5a4037a8cff5ff756257faef,99,2016-05-09T02:45:20.361+05:30,2016-05-09T02:47:03.755+05:30
15,0a41599cf69acef1917172d5561ee878,100,2016-05-09T02:14:11.945+05:30,2016-05-09T02:15:52.021+05:30
16,d088d4a2bb3f6bbb2c81e6f5b534fe21,384,2016-05-09T02:49:52.544+05:30,2016-05-09T02:56:40.352+05:30
17,7920e4d00f790d176329455ab8b68c68,324,2016-05-09T02:28:58.175+05:30,2016-05-09T02:34:35.962+05:30
18,7920e4d00f790d176329455ab8b68c68,174,2016-05-09T02:36:29.274+05:30,2016-05-09T02:39:38.393+05:30
19,7920e4d00f790d176329455ab8b68c68,309,2016-05-09T02:41:41.620+05:30,2016-05-09T02:46:59.970+05:30
20,a5bfc23afa4b5bec6ddd8f256daf30ae,2,2016-05-09T02:56:36.809+05:30,2016-05-09T02:56:39.582+05:30
21,a02d036eac20bff40e43e5dc739e9578,209,2016-05-09T02:36:25.331+05:30,2016-05-09T02:39:55.958+05:30
22,a02d036eac20bff40e43e5dc739e9578,4,2016-05-09T02:40:39.476+05:30,2016-05-09T02:40:44.273+05:30
23,71a1e615c83d19b904bf7e2c4c05658e,216,2016-05-09T02:51:41.262+05:30,2016-05-09T02:55:19.224+05:30
24,f8c50ffd93f8f32022f7ee0055ddd04f,163,2016-05-09T02:25:20.169+05:30,2016-05-09T02:28:15.855+05:30
25,65d73bcbefe484fad67b766cc53fb482,7,2016-05-09T02:02:05.736+05:30,2016-05-09T02:02:12.873+05:30
26,84748b4d1fd5df0bcedfe7606e2379ab,121,2016-05-09T02:28:38.226+05:30,2016-05-09T02:30:39.883+05:30
27,84748b4d1fd5df0bcedfe7606e2379ab,143,2016-05-09T02:35:22.863+05:30,2016-05-09T02:37:46.683+05:30
28,84748b4d1fd5df0bcedfe7606e2379ab,19,2016-05-09T02:41:15.563+05:30,2016-05-09T02:41:35.100+05:30
29,84748b4d1fd5df0bcedfe7606e2379ab,147,2016-05-09T02:45:53.075+05:30,2016-05-09T02:48:20.748+05:30
30,db4397b98d98038a043d8b496a4b867c,259,2016-05-09T02:33:40.371+05:30,2016-05-09T02:38:00.111+05:30
31,e833e0dbe6fa20dc332128770f00bdc1,23,2016-05-09T02:32:41.824+05:30,2016-05-09T02:33:05.033+05:30
32,e833e0dbe6fa20dc332128770f00bdc1,27,2016-05-09T02:57:30.110+05:30,2016-05-09T02:57:59.249+05:30
33,d4584d896ad78aec023b76905f250a57,3,2016-05-09T02:59:35.444+05:30,2016-05-09T02:59:39.241+05:30
34,fa2a9324f36b4e4850e0c739b5db09c5,2,2016-05-09T02:06:07.183+05:30,2016-05-09T02:06:09.563+05:30
35,a68defbb849fff19523c6cb88eb220f9,261,2016-05-09T02:07:21.148+05:30,2016-05-09T02:11:49.402+05:30
36,a68defbb849fff19523c6cb88eb220f9,69,2016-05-09T02:15:18.563+05:30,2016-05-09T02:16:46.487+05:30
37,a68defbb849fff19523c6cb88eb220f9,2,2016-05-09T02:24:52.487+05:30,2016-05-09T02:24:55.426+05:30
38,3be75b66575e04124a029f6aeb4aa756,8,2016-05-09T02:58:30.378+05:30,2016-05-09T02:58:39.817+05:30
39,4f86f0a703b3f39ec43d1a55ae3100d7,183,2016-05-09T02:46:00.897+05:30,2016-05-09T02:49:09.955+05:30
40,f537a607fb75621051b0a6d63a3a9629,120,2016-05-09T02:02:00.613+05:30,2016-05-09T02:04:07.030+05:30
41,b170bc57cb73954b328a140a92430511,17,2016-05-09T02:00:10.932+05:30,2016-05-09T02:00:30.969+05:30
43,e2174456139afa672b2e5e7eee82ba9c,43,2016-05-09T02:25:42.567+05:30,2016-05-09T02:26:32.048+05:30
44,e2174456139afa672b2e5e7eee82ba9c,8,2016-05-09T02:47:47.774+05:30,2016-05-09T02:47:55.995+05:30
45,9e3cbe2adafa5bbd75126d8fde40a265,915,2016-05-09T02:30:53.779+05:30,2016-05-09T02:46:09.607+05:30
46,95b6ce1a115fa031a54e68bdc957a022,231,2016-05-09T02:09:40.479+05:30,2016-05-09T02:13:31.591+05:30
47,864e2c46b5b3473931eb280256bdbdab,308,2016-05-09T02:00:04.719+05:30,2016-05-09T02:05:16.989+05:30
48,ebafa62cbce3dbcd94e880435587d32d,246,2016-05-09T02:13:39.172+05:30,2016-05-09T02:17:48.079+05:30
49,af15f50a8cac0de45f257ba3310005d4,1798,2016-05-09T02:22:26.617+05:30,2016-05-09T02:52:25.288+05:30
50,2ceb04bdf13b7b00debde26ad63af917,181,2016-05-09T02:02:06.569+05:30,2016-05-09T02:05:13.261+05:30
51,ef01a24832e64e5f21ea2b753d43a6ab,167,2016-05-09T02:01:56.564+05:30,2016-05-09T02:04:51.143+05:30
52,c1787d2745d6cd55b3ad3bc0ceec5a11,2,2016-05-09T02:01:02.963+05:30,2016-05-09T02:01:05.006+05:30
54,1a291daa357edfa5f62c013431f30cdd,53,2016-05-09T02:09:16.387+05:30,2016-05-09T02:10:10.501+05:30
55,53d7b1ce90ea57139a6f1dc395291e67,79,2016-05-09T02:50:03.263+05:30,2016-05-09T02:51:23.835+05:30
56,766c7335fe0e1f9881e41b9933936741,70,2016-05-09T02:56:17.969+05:30,2016-05-09T02:57:51.287+05:30
57,7c95be6a39d04239ad820ef053beef7d,31,2016-05-09T02:57:24.134+05:30,2016-05-09T02:57:55.835+05:30
58,e106c63d982dab90c53e1c221f554952,87,2016-05-09T02:58:21.359+05:30,2016-05-09T02:59:51.616+05:30
59,1c35408d5b309d8f39c45677279c9cb1,3,2016-05-09T02:51:49.707+05:30,2016-05-09T02:51:53.704+05:30
60,976ffa85036409398661fc4c03286d27,80,2016-05-09T02:58:02.893+05:30,2016-05-09T02:59:27.635+05:30
61,e7ac89601568662afc51b0f7c970d401,196,2016-05-09T02:02:15.123+05:30,2016-05-09T02:05:31.962+05:30
62,4cc3c2648a87cc0d5bd96bd1849b2596,341,2016-05-09T02:20:29.131+05:30,2016-05-09T02:26:17.592+05:30
63,8cf2193e05e30f45d44daf5479d84dff,25,2016-05-09T02:48:46.678+05:30,2016-05-09T02:49:13.465+05:30
65,a638d4221606661f731e32240db18a2f,4,2016-05-09T02:05:25.479+05:30,2016-05-09T02:05:29.573+05:30
66,b3b1e7d77f1f69ea571a91a572f95b43,203,2016-05-09T02:52:35.295+05:30,2016-05-09T02:56:52.443+05:30
67,104c757de6ab5cb13675038351537e7d,425,2016-05-09T02:25:49.361+05:30,2016-05-09T02:32:54.937+05:30
68,18740fc288a42d850c2c2354f3fbc298,505,2016-05-09T02:07:08.757+05:30,2016-05-09T02:15:50.541+05:30
69,18740fc288a42d850c2c2354f3fbc298,209,2016-05-09T02:17:50.438+05:30,2016-05-09T02:21:39.126+05:30
70,18740fc288a42d850c2c2354f3fbc298,213,2016-05-09T02:39:43.110+05:30,2016-05-09T02:43:31.428+05:30
71,d6d8e852e43ac94962f12fe96f773b2e,6,2016-05-09T02:56:19.905+05:30,2016-05-09T02:56:26.651+05:30
72,442218e34cc12a8e96cc96fdd361d84c,405,2016-05-09T02:05:30.778+05:30,2016-05-09T02:12:41.149+05:30
73,442218e34cc12a8e96cc96fdd361d84c,72,2016-05-09T02:58:07.586+05:30,2016-05-09T02:59:20.987+05:30
74,49a762ad0656ca52313acb9ef3a0a832,184,2016-05-09T02:27:30.773+05:30,2016-05-09T02:30:35.619+05:30
75,1896e62295a6241ff7e6085c86452355,70,2016-05-09T02:45:39.489+05:30,2016-05-09T02:47:07.757+05:30
76,34b621c07bc29c884b64a689d95c0d04,2,2016-05-09T02:00:50.558+05:30,2016-05-09T02:00:52.640+05:30
77,34b621c07bc29c884b64a689d95c0d04,110,2016-05-09T02:03:40.430+05:30,2016-05-09T02:05:39.302+05:30
78,cb1c29b31d54f6d723adead7ecd802b2,83,2016-05-09T02:24:51.505+05:30,2016-05-09T02:26:35.775+05:30
79,ac073eb81a36680f41d37c5ba81edaa0,342,2016-05-09T02:07:10.751+05:30,2016-05-09T02:12:57.085+05:30
80,ac073eb81a36680f41d37c5ba81edaa0,12,2016-05-09T02:13:40.954+05:30,2016-05-09T02:13:57.143+05:30
81,cf40ec181080d134426daea98af55f33,16,2016-05-09T02:34:41.295+05:30,2016-05-09T02:34:57.957+05:30
82,cf40ec181080d134426daea98af55f33,344,2016-05-09T02:35:30.798+05:30,2016-05-09T02:41:21.097+05:30
83,88c058776b5c1c8489d78b82c8d81d1a,4,2016-05-09T02:38:27.907+05:30,2016-05-09T02:38:31.928+05:30
84,d7fc68f044d1b1941601406f7504f3cb,250,2016-05-09T02:53:01.043+05:30,2016-05-09T02:57:19.118+05:30
85,2facad04e0bb5d34a3bb0fcd2dd01680,33,2016-05-09T02:20:34.121+05:30,2016-05-09T02:21:07.178+05:30
86,2facad04e0bb5d34a3bb0fcd2dd01680,266,2016-05-09T02:41:54.571+05:30,2016-05-09T02:46:25.432+05:30
87,2facad04e0bb5d34a3bb0fcd2dd01680,312,2016-05-09T02:49:33.067+05:30,2016-05-09T02:54:47.192+05:30
88,d7112c98f2fd95960211f757c904db09,341,2016-05-09T02:09:36.563+05:30,2016-05-09T02:15:29.288+05:30
89,d7112c98f2fd95960211f757c904db09,3,2016-05-09T02:17:49.926+05:30,2016-05-09T02:17:53.543+05:30
90,97b9dd5de7c516b4fc872473f8c54527,29,2016-05-09T02:20:19.274+05:30,2016-05-09T02:20:51.663+05:30
92,fc811e257f803f6dd3aad81211948d77,163,2016-05-09T02:28:21.819+05:30,2016-05-09T02:31:22.544+05:30
93,fc811e257f803f6dd3aad81211948d77,6,2016-05-09T02:32:40.370+05:30,2016-05-09T02:32:47.594+05:30
94,9f5c96bba5f1924700a14f1c882583b4,104,2016-05-09T02:23:15.848+05:30,2016-05-09T02:24:59.891+05:30
95,0f7e591a118854030380a63f61c77008,150,2016-05-09T02:12:33.631+05:30,2016-05-09T02:15:05.145+05:30
96,fc7654399cd031d064ea269bb43a194a,55,2016-05-09T02:33:45.540+05:30,2016-05-09T02:34:44.565+05:30
97,a0dd017f26d9733564caefe0fca915c3,171,2016-05-09T02:47:01.678+05:30,2016-05-09T02:50:23.596+05:30
98,ce41aa9e1b857b4ad73eda943e081981,1097,2016-05-09T02:00:03.702+05:30,2016-05-09T02:19:15.099+05:30
99,ce41aa9e1b857b4ad73eda943e081981,80,2016-05-09T02:51:24.721+05:30,2016-05-09T02:52:45.904+05:30
100,4cc74ef1bacd3f575560b91f10d99b9a,14,2016-05-09T02:45:35.090+05:30,2016-05-09T02:45:50.051+05:30
101,1f966a28114302747f4078952c2b8cb6,2443,2016-05-09T02:11:55.843+05:30,2016-05-09T02:52:57.337+05:30
102,4c2c3b9925251d45ef4eff87df745434,226,2016-05-09T02:15:41.908+05:30,2016-05-09T02:19:33.523+05:30
103,4c2c3b9925251d45ef4eff87df745434,309,2016-05-09T02:21:16.880+05:30,2016-05-09T02:26:26.971+05:30
104,88063e5e8b5e6c062b8c2d97aea90732,47,2016-05-09T02:45:05.760+05:30,2016-05-09T02:46:05.357+05:30
105,88063e5e8b5e6c062b8c2d97aea90732,233,2016-05-09T02:47:54.556+05:30,2016-05-09T02:52:26.475+05:30
106,e727632e07372e12de3d015fec359ca9,51,2016-05-09T02:48:21.508+05:30,2016-05-09T02:49:14.682+05:30
107,67f90e3fe6532aa3b96341fbb9dd5f02,173,2016-05-09T02:45:17.270+05:30,2016-05-09T02:48:10.871+05:30
108,0f90f6af732d4cf224f001d75eb40366,32,2016-05-09T02:05:10.878+05:30,2016-05-09T02:05:44.365+05:30
109,0f90f6af732d4cf224f001d75eb40366,29,2016-05-09T02:20:01.084+05:30,2016-05-09T02:20:30.750+05:30
110,0f90f6af732d4cf224f001d75eb40366,214,2016-05-09T02:45:16.928+05:30,2016-05-09T02:48:51.818+05:30
111,0f90f6af732d4cf224f001d75eb40366,43,2016-05-09T02:49:30.166+05:30,2016-05-09T02:50:17.406+05:30
112,7548948936b5fa1faf8e0175b1c6c0e6,97,2016-05-09T02:15:23.172+05:30,2016-05-09T02:17:30.364+05:30
113,7548948936b5fa1faf8e0175b1c6c0e6,82,2016-05-09T02:36:13.163+05:30,2016-05-09T02:37:59.567+05:30
114,4c0b7d31af3c9a01ce0da59b2c07d3b9,99,2016-05-09T02:47:52.316+05:30,2016-05-09T02:49:31.736+05:30
115,1eb610c886f31ea07e8fc690039889ce,49,2016-05-09T02:04:57.554+05:30,2016-05-09T02:05:58.779+05:30
116,1eb610c886f31ea07e8fc690039889ce,28,2016-05-09T02:09:55.192+05:30,2016-05-09T02:10:29.239+05:30
117,1eb610c886f31ea07e8fc690039889ce,112,2016-05-09T02:16:09.445+05:30,2016-05-09T02:18:04.858+05:30
118,1eb610c886f31ea07e8fc690039889ce,286,2016-05-09T02:27:11.736+05:30,2016-05-09T02:32:05.691+05:30
119,4e575173f53f433d452900dd6395e1c6,25,2016-05-09T02:43:02.696+05:30,2016-05-09T02:43:28.413+05:30
120,7fc50e1397dc1b33c95ceee527edb974,55,2016-05-09T02:55:57.218+05:30,2016-05-09T02:56:53.843+05:30
121,0aef62babbed31d9ab8ce270dd560cd1,258,2016-05-09T02:34:56.099+05:30,2016-05-09T02:39:29.517+05:30
122,111d2126431ad674a4027d4f22da4039,142,2016-05-09T02:49:17.764+05:30,2016-05-09T02:51:40.123+05:30
123,0f1d8a4bde8feab369bc8ab2d5765fb2,78,2016-05-09T02:09:01.368+05:30,2016-05-09T02:10:22.576+05:30
124,a2659df45c8d05f326225fa5b1063ac9,724,2016-05-09T02:00:00.509+05:30,2016-05-09T02:12:27.965+05:30
125,a2659df45c8d05f326225fa5b1063ac9,327,2016-05-09T02:24:58.477+05:30,2016-05-09T02:30:39.744+05:30
126,a2659df45c8d05f326225fa5b1063ac9,17,2016-05-09T02:35:47.159+05:30,2016-05-09T02:36:07.814+05:30
127,6f74613f48249fc9e615d23d4c263c17,211,2016-05-09T02:23:13.344+05:30,2016-05-09T02:26:48.009+05:30
129,63d57d9151c2251251e1e0301ddb190a,7,2016-05-09T02:59:23.232+05:30,2016-05-09T02:59:31.098+05:30
130,02afe6b77f562556e42480ac595b2a2d,2,2016-05-09T02:43:12.388+05:30,2016-05-09T02:43:14.733+05:30
132,2b2cd0ac747e77859ceafab2597ec6bc,993,2016-05-09T02:39:55.202+05:30,2016-05-09T02:56:37.576+05:30
133,bb8af788aa5990c64c6fdc539ae1e917,60,2016-05-09T02:25:49.329+05:30,2016-05-09T02:26:49.929+05:30
134,bb8af788aa5990c64c6fdc539ae1e917,71,2016-05-09T02:30:54.375+05:30,2016-05-09T02:32:09.580+05:30
136,f36769475131bb3f2443d5adc51ea40f,58,2016-05-09T02:05:37.039+05:30,2016-05-09T02:06:36.740+05:30
137,0be866eabbad912165178c7a788f7d97,44,2016-05-09T02:28:30.211+05:30,2016-05-09T02:29:14.860+05:30
138,0be866eabbad912165178c7a788f7d97,44,2016-05-09T02:29:46.834+05:30,2016-05-09T02:30:32.873+05:30
139,c44198448cf0ef18be4b774e05f74871,56,2016-05-09T02:30:56.777+05:30,2016-05-09T02:31:55.955+05:30
140,8d04144344b05f7c6ed7d96d9678aa3f,47,2016-05-09T02:05:12.201+05:30,2016-05-09T02:05:59.682+05:30
141,8d04144344b05f7c6ed7d96d9678aa3f,7,2016-05-09T02:22:49.695+05:30,2016-05-09T02:22:58.642+05:30
142,8d04144344b05f7c6ed7d96d9678aa3f,69,2016-05-09T02:23:44.832+05:30,2016-05-09T02:25:03.398+05:30
143,a8ca2df5aa8f0305d801c3547142b1ba,152,2016-05-09T02:52:17.096+05:30,2016-05-09T02:54:54.040+05:30
144,be5dc3c4e0836d502848f73ec8d8c08f,259,2016-05-09T02:07:11.879+05:30,2016-05-09T02:11:55.397+05:30
145,be5dc3c4e0836d502848f73ec8d8c08f,3,2016-05-09T02:13:24.775+05:30,2016-05-09T02:13:27.976+05:30
146,be5dc3c4e0836d502848f73ec8d8c08f,16,2016-05-09T02:17:38.186+05:30,2016-05-09T02:17:55.747+05:30
147,be5dc3c4e0836d502848f73ec8d8c08f,134,2016-05-09T02:33:01.771+05:30,2016-05-09T02:35:40.573+05:30
150,878a2bc03d603988e8a8df4ef6f4660f,67,2016-05-09T02:49:39.836+05:30,2016-05-09T02:50:49.338+05:30
153,4b53782b166270536859512da41f56d7,66,2016-05-09T02:22:27.537+05:30,2016-05-09T02:23:33.838+05:30
154,aaa82afc7393adc2748d2760e605d6d2,1030,2016-05-09T02:37:22.510+05:30,2016-05-09T02:54:45.690+05:30
155,f8085926689bc847bd6f5102a7e479ff,6,2016-05-09T02:52:00.215+05:30,2016-05-09T02:52:06.412+05:30
156,58b5b96f80ced68662affbfe089aeefe,402,2016-05-09T02:30:59.195+05:30,2016-05-09T02:37:52.882+05:30
157,c08df6125ec6951b27c110e2ee9fb62a,320,2016-05-09T02:25:28.280+05:30,2016-05-09T02:30:53.616+05:30
158,e9193baa576057d2231a7f5be5661a68,231,2016-05-09T02:18:34.741+05:30,2016-05-09T02:22:25.826+05:30
159,e9193baa576057d2231a7f5be5661a68,563,2016-05-09T02:23:28.667+05:30,2016-05-09T02:33:09.773+05:30
160,3faaa4c932914bc464210275eb755271,179,2016-05-09T02:27:06.818+05:30,2016-05-09T02:30:13.843+05:30
161,9ca6d02f75a566e121446f8fa2a83dbe,51,2016-05-09T02:32:25.821+05:30,2016-05-09T02:33:17.564+05:30
162,f0769129cd849be93913366019daec11,49,2016-05-09T02:33:11.475+05:30,2016-05-09T02:34:01.222+05:30
163,b39e7b266180e6a0c5e4c7f2c76bf4f0,1052,2016-05-09T02:28:57.405+05:30,2016-05-09T02:46:31.192+05:30
164,def01adad3aecab3f3cb2e8461f79536,199,2016-05-09T02:09:35.046+05:30,2016-05-09T02:12:57.564+05:30
165,def01adad3aecab3f3cb2e8461f79536,60,2016-05-09T02:13:55.428+05:30,2016-05-09T02:14:58.829+05:30
166,5e7cc04a6d26253d5c8a8599a0801402,447,2016-05-09T02:31:55.994+05:30,2016-05-09T02:39:53.677+05:30
167,5e7cc04a6d26253d5c8a8599a0801402,32,2016-05-09T02:41:11.823+05:30,2016-05-09T02:41:45.551+05:30
168,5e7cc04a6d26253d5c8a8599a0801402,37,2016-05-09T02:51:48.662+05:30,2016-05-09T02:52:25.927+05:30
169,ddd8b25a119fd1bb95370b5a64e0555a,577,2016-05-09T02:12:29.464+05:30,2016-05-09T02:22:39.250+05:30
170,ddd8b25a119fd1bb95370b5a64e0555a,258,2016-05-09T02:24:49.952+05:30,2016-05-09T02:29:17.428+05:30
171,9499a70d111d5d7b9b047ebfbb03cbcd,20,2016-05-09T02:54:05.507+05:30,2016-05-09T02:54:26.147+05:30
172,3aaa18df6e93132de1b27cff36a5a0e4,134,2016-05-09T02:37:55.871+05:30,2016-05-09T02:40:16.099+05:30
173,b6b4fc127def03d283a9de5672e5e310,128,2016-05-09T02:41:33.461+05:30,2016-05-09T02:43:41.838+05:30
174,95a32347c870788b7fca0c495b3c75a5,161,2016-05-09T02:10:03.886+05:30,2016-05-09T02:12:50.126+05:30
175,2a49d14845a6ed36af210d4361dbfde5,1429,2016-05-09T02:27:39.210+05:30,2016-05-09T02:52:27.081+05:30
176,2a49d14845a6ed36af210d4361dbfde5,23,2016-05-09T02:55:49.938+05:30,2016-05-09T02:56:13.358+05:30
177,aa75b3a75f5e62d8bfe1d0a500e2a3cd,29,2016-05-09T02:37:55.246+05:30,2016-05-09T02:38:27.052+05:30
178,704b87c70ebb2bd1ffe615173a6feac1,35,2016-05-09T02:36:12.884+05:30,2016-05-09T02:36:49.519+05:30
179,704b87c70ebb2bd1ffe615173a6feac1,7,2016-05-09T02:37:27.923+05:30,2016-05-09T02:37:35.650+05:30
180,5991895eb39fa57f18da741ea560d7bf,719,2016-05-09T02:28:12.353+05:30,2016-05-09T02:40:16.006+05:30
182,0688a2294211f9a2f0d0b56781c35f1b,147,2016-05-09T02:22:58.800+05:30,2016-05-09T02:25:27.415+05:30
183,b920685591de1658c71e4e6c38ef0cee,124,2016-05-09T02:14:02.689+05:30,2016-05-09T02:16:07.391+05:30
184,b920685591de1658c71e4e6c38ef0cee,5,2016-05-09T02:16:40.259+05:30,2016-05-09T02:16:45.526+05:30
185,b920685591de1658c71e4e6c38ef0cee,592,2016-05-09T02:18:28.271+05:30,2016-05-09T02:30:17.403+05:30
186,4514a60c3c6d0a7b1b9173bd052f00b9,144,2016-05-09T02:45:33.546+05:30,2016-05-09T02:47:58.472+05:30
187,4514a60c3c6d0a7b1b9173bd052f00b9,262,2016-05-09T02:48:41.137+05:30,2016-05-09T02:53:03.575+05:30
188,05b7d6902df17f33a597e124a02d3e96,170,2016-05-09T02:25:07.114+05:30,2016-05-09T02:27:57.471+05:30
189,b0896888836af15c68728b719d43df3c,118,2016-05-09T02:26:58.414+05:30,2016-05-09T02:28:56.573+05:30
190,ded9769c121f44254a0cba36d11e191c,113,2016-05-09T02:04:25.428+05:30,2016-05-09T02:06:21.954+05:30
191,ded9769c121f44254a0cba36d11e191c,540,2016-05-09T02:07:42.364+05:30,2016-05-09T02:16:47.364+05:30
192,3dfa6af6d2a50557c50af56800816dbb,316,2016-05-09T02:49:29.458+05:30,2016-05-09T02:54:53.293+05:30
193,96da3e49b98a4c9ca51e1174321146a3,4,2016-05-09T02:15:39.686+05:30,2016-05-09T02:15:43.849+05:30
194,ca9c877c75de104dce0a596b2f022b0a,2,2016-05-09T02:37:09.503+05:30,2016-05-09T02:37:11.702+05:30
195,ae02de943019a3d2e5e61a2794b4380c,143,2016-05-09T02:52:51.610+05:30,2016-05-09T02:55:14.798+05:30
196,9ecf4a6cc83d4218d09254897787b705,26,2016-05-09T02:31:07.329+05:30,2016-05-09T02:31:34.131+05:30
198,b57537d83900a659966c0d466a341ed5,177,2016-05-09T02:00:10.368+05:30,2016-05-09T02:03:08.301+05:30
199,37ed6d9a68cd41ea61919c8e6d5677ad,253,2016-05-09T02:22:56.562+05:30,2016-05-09T02:27:20.797+05:30
200,65000b66bba6d3c3614e70b633aff710,27,2016-05-09T02:01:31.150+05:30,2016-05-09T02:01:58.817+05:30
201,65000b66bba6d3c3614e70b633aff710,189,2016-05-09T02:11:35.400+05:30,2016-05-09T02:14:52.949+05:30
203,9fff63e17e199750721c32b90bd9a3f5,789,2016-05-09T02:20:25.230+05:30,2016-05-09T02:33:35.954+05:30
204,9fff63e17e199750721c32b90bd9a3f5,2,2016-05-09T02:35:35.134+05:30,2016-05-09T02:35:37.356+05:30
205,88228c712d24c1606a1a3503066b0d8e,45,2016-05-09T02:41:27.148+05:30,2016-05-09T02:42:17.643+05:30
206,3832ee466a14c38cfec236ccfdd73d61,24,2016-05-09T02:02:57.689+05:30,2016-05-09T02:03:22.629+05:30
208,d61a4b86b5fe039c245bf3fdc64672c6,95,2016-05-09T02:55:11.349+05:30,2016-05-09T02:56:55.183+05:30
209,13b0e751ba7106be0f216b8bb196a3f0,362,2016-05-09T02:07:23.373+05:30,2016-05-09T02:13:54.797+05:30
210,7b23a0d1882aaa103c21e1ffb765d3bc,188,2016-05-09T02:24:42.195+05:30,2016-05-09T02:27:56.374+05:30
211,24038ac7c1973024073e4ad01e9e8b8d,183,2016-05-09T02:02:56.939+05:30,2016-05-09T02:06:12.199+05:30
213,1585563c436721b7d38ae0027bb405f5,1176,2016-05-09T02:27:56.004+05:30,2016-05-09T02:47:32.603+05:30
214,97fa4a774e3ee8e3cde7ac6e5482a650,675,2016-05-09T02:41:56.694+05:30,2016-05-09T02:53:25.816+05:30
215,53dd269766a79adebfafbd605eb54136,103,2016-05-09T02:28:19.344+05:30,2016-05-09T02:30:02.691+05:30
216,aad8fd4f8f034e6c1fcb5ead3aadd873,9,2016-05-09T02:01:32.884+05:30,2016-05-09T02:01:45.730+05:30
217,32f937c8f3cc7f97bc7b7c646cf28424,84,2016-05-09T02:26:18.478+05:30,2016-05-09T02:28:00.168+05:30
218,572fc5c0163f0183a2d5f1d1e93bed5e,164,2016-05-09T02:01:44.554+05:30,2016-05-09T02:04:29.102+05:30
219,254b210abc680d0af62e01da9b7f1961,704,2016-05-09T02:00:56.027+05:30,2016-05-09T02:12:57.274+05:30
220,3010dc3d8311e28c2ebcb4b9c581456c,130,2016-05-09T02:30:07.429+05:30,2016-05-09T02:32:17.942+05:30
221,ccb897d1f233fd9737b3a088977612da,89,2016-05-09T02:17:00.313+05:30,2016-05-09T02:18:33.347+05:30
222,ccb897d1f233fd9737b3a088977612da,22,2016-05-09T02:19:38.344+05:30,2016-05-09T02:20:27.469+05:30
223,1a82c0e7b86ed56daba20da4d1149efa,25,2016-05-09T02:54:41.146+05:30,2016-05-09T02:55:06.951+05:30
224,e513614afdc4eca0b2b8b5beaed029e8,500,2016-05-09T02:48:33.442+05:30,2016-05-09T02:57:05.508+05:30
225,e0c65e62c799ebd026b7e1f6cdf9fd1b,218,2016-05-09T02:44:05.876+05:30,2016-05-09T02:47:55.812+05:30
226,1c57eb928c4634731affab5e130b4f05,94,2016-05-09T02:01:07.058+05:30,2016-05-09T02:02:47.858+05:30
227,7ec0781a617118dcac935500f5787a94,171,2016-05-09T02:36:10.559+05:30,2016-05-09T02:39:31.362+05:30
228,7ec0781a617118dcac935500f5787a94,2,2016-05-09T02:40:33.064+05:30,2016-05-09T02:40:35.202+05:30
229,69a26cc12fdc3147c44a3e273a507083,174,2016-05-09T02:47:45.855+05:30,2016-05-09T02:50:43.094+05:30
230,fb447ab9f033851f838108bcaa0dbb57,463,2016-05-09T02:29:20.777+05:30,2016-05-09T02:37:04.774+05:30
232,b86beb64c60327377a7380e2077e1a4b,6,2016-05-09T02:01:08.943+05:30,2016-05-09T02:01:15.456+05:30
233,77fd735f2c10813c8e0f356abb819a10,331,2016-05-09T02:43:07.000+05:30,2016-05-09T02:48:41.015+05:30
234,fc0cd75f553890cd515bc74ba53b3c49,8,2016-05-09T02:12:54.735+05:30,2016-05-09T02:13:03.193+05:30
235,fc0cd75f553890cd515bc74ba53b3c49,2,2016-05-09T02:22:00.588+05:30,2016-05-09T02:22:02.777+05:30
236,0c51c5482d5561befd4c7aa05510e09f,780,2016-05-09T02:35:42.571+05:30,2016-05-09T02:49:49.212+05:30
237,411274e75f4fb1e1ebfc847a240eb787,3,2016-05-09T02:38:56.400+05:30,2016-05-09T02:38:59.834+05:30
238,0017f165b1ff5a98d293ad687dc63fa0,262,2016-05-09T02:54:56.478+05:30,2016-05-09T02:59:19.017+05:30
239,02f999892f2d3c696807d4e8af7f5dd1,433,2016-05-09T02:26:24.598+05:30,2016-05-09T02:33:46.812+05:30
240,23f8768906c0bb5a019d22392ba66141,5,2016-05-09T02:15:31.857+05:30,2016-05-09T02:15:37.398+05:30
243,4b3749dbb1bc1c4f4f6563c035f661da,97,2016-05-09T02:02:15.882+05:30,2016-05-09T02:03:55.973+05:30
244,4b3749dbb1bc1c4f4f6563c035f661da,520,2016-05-09T02:06:18.426+05:30,2016-05-09T02:14:59.196+05:30
245,4b3749dbb1bc1c4f4f6563c035f661da,157,2016-05-09T02:15:47.462+05:30,2016-05-09T02:18:26.229+05:30
246,d5cc1a764abe7be46a7071742a48e89c,3,2016-05-09T02:00:49.680+05:30,2016-05-09T02:00:53.542+05:30
247,da0d8e6a5a7348eef1053c27c64ec19d,156,2016-05-09T02:25:13.929+05:30,2016-05-09T02:27:50.538+05:30
248,da0d8e6a5a7348eef1053c27c64ec19d,524,2016-05-09T02:29:19.817+05:30,2016-05-09T02:38:07.620+05:30
249,a340ca5e6c738fe53473db6d8208788a,126,2016-05-09T02:00:21.181+05:30,2016-05-09T02:02:43.548+05:30
250,18219e71c0a3ed3c9c78ee61b1fafd64,351,2016-05-09T02:51:47.004+05:30,2016-05-09T02:57:40.267+05:30
251,d2d043c2bece4572c2625514a606aa71,569,2016-05-09T02:35:59.982+05:30,2016-05-09T02:45:47.268+05:30
252,6deb90f8674c4f992735eade1952afa2,136,2016-05-09T02:49:43.078+05:30,2016-05-09T02:51:59.589+05:30
253,8c9886a98de9f26b979dfad84dfaaeed,107,2016-05-09T02:02:30.153+05:30,2016-05-09T02:04:32.079+05:30
254,85017e55381b917a659ba621bec7bee9,165,2016-05-09T02:57:05.093+05:30,2016-05-09T02:59:58.124+05:30
255,e89f6d08ea605d23d04b8b535934a47a,27,2016-05-09T02:03:45.711+05:30,2016-05-09T02:04:12.951+05:30
256,e89f6d08ea605d23d04b8b535934a47a,57,2016-05-09T02:07:34.963+05:30,2016-05-09T02:08:32.866+05:30
257,e28360336088aaafd323b37b306452d9,45,2016-05-09T02:57:17.466+05:30,2016-05-09T02:58:10.763+05:30
258,8f5daa4c100a532b5a048303e71df620,252,2016-05-09T02:41:17.563+05:30,2016-05-09T02:45:29.880+05:30
259,8f5daa4c100a532b5a048303e71df620,262,2016-05-09T02:46:53.456+05:30,2016-05-09T02:51:16.379+05:30
260,3400b7ca37615fa2692967ceff727967,8,2016-05-09T02:00:38.927+05:30,2016-05-09T02:00:47.564+05:30
264,7bb4a1860f30e8cf3cc2ed90b116aab0,34,2016-05-09T02:15:53.572+05:30,2016-05-09T02:16:28.484+05:30
265,7bb4a1860f30e8cf3cc2ed90b116aab0,46,2016-05-09T02:58:48.063+05:30,2016-05-09T02:59:35.770+05:30
266,267c089d5083760853ec72ec0e77e364,115,2016-05-09T02:16:23.617+05:30,2016-05-09T02:18:26.679+05:30
267,267c089d5083760853ec72ec0e77e364,12,2016-05-09T02:19:19.378+05:30,2016-05-09T02:19:31.959+05:30
268,267c089d5083760853ec72ec0e77e364,249,2016-05-09T02:21:20.800+05:30,2016-05-09T02:25:33.996+05:30
269,a05b3b920c62ddfb1e45ae346b25bbee,8,2016-05-09T02:24:35.432+05:30,2016-05-09T02:24:44.054+05:30
270,6c51f2d1aa74a3cf985c3767ed66ed9e,13,2016-05-09T02:13:08.555+05:30,2016-05-09T02:13:22.976+05:30
271,6c51f2d1aa74a3cf985c3767ed66ed9e,235,2016-05-09T02:14:09.144+05:30,2016-05-09T02:18:05.541+05:30
272,9bd60d31089b5b4a62b0bca749b8d824,22,2016-05-09T02:03:51.672+05:30,2016-05-09T02:04:14.420+05:30
273,9bd60d31089b5b4a62b0bca749b8d824,1490,2016-05-09T02:05:21.232+05:30,2016-05-09T02:30:11.833+05:30
274,707f832dd15c5e674d61d575be81ad7e,134,2016-05-09T02:51:27.940+05:30,2016-05-09T02:53:49.007+05:30
275,d0a9b2f1324c4439f6e427107f48e279,92,2016-05-09T02:18:07.537+05:30,2016-05-09T02:19:40.111+05:30
276,d0a9b2f1324c4439f6e427107f48e279,312,2016-05-09T02:22:16.631+05:30,2016-05-09T02:27:33.454+05:30
277,0af118ff382620fd3bbb0ddd8b8a9dfb,274,2016-05-09T02:24:24.424+05:30,2016-05-09T02:29:13.404+05:30
278,a1a607f9d6c8ac62aa42cb626808a74e,2,2016-05-09T02:30:24.883+05:30,2016-05-09T02:30:27.584+05:30
279,d2519d87b02260950f5e8de2f75a0ca6,211,2016-05-09T02:49:39.712+05:30,2016-05-09T02:53:11.559+05:30
280,71d1ac8ed5cb40671e0bf4d2a30d38bb,293,2016-05-09T02:23:29.658+05:30,2016-05-09T02:28:48.264+05:30
281,71d1ac8ed5cb40671e0bf4d2a30d38bb,28,2016-05-09T02:31:47.748+05:30,2016-05-09T02:32:15.837+05:30
282,71d1ac8ed5cb40671e0bf4d2a30d38bb,161,2016-05-09T02:33:47.055+05:30,2016-05-09T02:36:34.345+05:30
284,71d1ac8ed5cb40671e0bf4d2a30d38bb,257,2016-05-09T02:38:02.051+05:30,2016-05-09T02:42:56.784+05:30
286,905f7716f927e95d9ab4a5727cdb80d2,4,2016-05-09T02:11:31.703+05:30,2016-05-09T02:11:36.604+05:30
287,99b1d863b564af12b52c7a474836f807,14,2016-05-09T02:54:58.946+05:30,2016-05-09T02:55:13.379+05:30
288,15f803b0769e1609b9e321963feabef8,584,2016-05-09T02:32:52.470+05:30,2016-05-09T02:42:38.534+05:30
289,15f803b0769e1609b9e321963feabef8,262,2016-05-09T02:43:32.712+05:30,2016-05-09T02:47:58.581+05:30
290,fb07b229e468ab5efe9afe61d7c2562e,124,2016-05-09T02:37:44.594+05:30,2016-05-09T02:40:04.895+05:30
291,aa2d02c9f22025757c6c8367d2651b8c,146,2016-05-09T02:08:03.357+05:30,2016-05-09T02:10:34.817+05:30
292,4322535e49ef1171e4ff3eee47410844,102,2016-05-09T02:52:53.829+05:30,2016-05-09T02:54:36.317+05:30
293,4322535e49ef1171e4ff3eee47410844,11,2016-05-09T02:58:37.038+05:30,2016-05-09T02:58:48.798+05:30
294,baf6e3ac8c01ff503601fe61d51dbe04,292,2016-05-09T02:34:30.081+05:30,2016-05-09T02:39:22.377+05:30
295,4d403d047ce710cdf43f2c9e0634f90e,10,2016-05-09T02:53:49.852+05:30,2016-05-09T02:53:59.952+05:30
296,165e93685103ac601b7445f7f8ef7121,123,2016-05-09T02:15:20.223+05:30,2016-05-09T02:17:34.701+05:30
297,34042c2d5bfbca86347125b886033478,133,2016-05-09T02:17:03.530+05:30,2016-05-09T02:19:18.129+05:30
298,0ca8a33f695b224f3b72aa98bb33b7eb,593,2016-05-09T02:39:57.461+05:30,2016-05-09T02:49:53.892+05:30
299,f8babd8f6a9fa3a251e913e75c71e008,45,2016-05-09T02:20:38.503+05:30,2016-05-09T02:21:38.175+05:30
301,fbb4d458b614d711aca28fdafb5b00af,153,2016-05-09T02:39:45.472+05:30,2016-05-09T02:42:46.421+05:30
302,6f84bf9e38ebfa88cf32dfab36f2b115,377,2016-05-09T02:53:11.288+05:30,2016-05-09T02:59:35.129+05:30
303,1021dbabee5f06e1f5ce0f8606fab489,163,2016-05-09T02:43:05.545+05:30,2016-05-09T02:45:49.581+05:30
304,1021dbabee5f06e1f5ce0f8606fab489,3,2016-05-09T02:51:00.057+05:30,2016-05-09T02:51:03.514+05:30
306,8197ea9c1878540c48ea7e1173faf195,51,2016-05-09T02:42:43.276+05:30,2016-05-09T02:44:01.177+05:30
307,4b184506c8807c79133f8bf0396ed30f,283,2016-05-09T02:45:45.606+05:30,2016-05-09T02:50:37.460+05:30
308,db18c9aaca7aaf8d14badb0b89986fc9,409,2016-05-09T02:49:16.797+05:30,2016-05-09T02:56:09.067+05:30
309,9c5458411b88572035f3fd6f71a11e78,183,2016-05-09T02:28:10.157+05:30,2016-05-09T02:31:20.195+05:30
310,d2fdc8f285eded69b7094d6ce5661337,181,2016-05-09T02:37:19.255+05:30,2016-05-09T02:40:33.850+05:30
311,d2fdc8f285eded69b7094d6ce5661337,3,2016-05-09T02:44:01.199+05:30,2016-05-09T02:44:05.041+05:30
312,c3710412b82499baff0e944546a9399d,456,2016-05-09T02:19:07.891+05:30,2016-05-09T02:26:44.842+05:30
313,b91394dc2f08fa94feccd80e5ecd95ef,3,2016-05-09T02:00:38.301+05:30,2016-05-09T02:00:41.341+05:30
314,b91394dc2f08fa94feccd80e5ecd95ef,741,2016-05-09T02:01:55.568+05:30,2016-05-09T02:14:18.381+05:30
315,b91394dc2f08fa94feccd80e5ecd95ef,100,2016-05-09T02:15:45.700+05:30,2016-05-09T02:17:29.256+05:30
316,be0d2f4603914d887346c6dd9b485df1,93,2016-05-09T02:10:07.419+05:30,2016-05-09T02:11:41.230+05:30
317,be0d2f4603914d887346c6dd9b485df1,172,2016-05-09T02:14:55.054+05:30,2016-05-09T02:17:51.804+05:30
318,e8827505073fbfdfc8fc61db769fe64c,688,2016-05-09T02:07:45.664+05:30,2016-05-09T02:19:19.819+05:30
319,e8827505073fbfdfc8fc61db769fe64c,347,2016-05-09T02:20:18.164+05:30,2016-05-09T02:26:31.462+05:30
320,4a4a5d53b85aebcc9ccd7e43d6fe7411,69,2016-05-09T02:32:25.488+05:30,2016-05-09T02:34:13.867+05:30
321,7a8896a19e2edaaa11fc7f2c5ca02b0e,256,2016-05-09T02:32:34.957+05:30,2016-05-09T02:37:23.815+05:30
322,7a8896a19e2edaaa11fc7f2c5ca02b0e,400,2016-05-09T02:38:46.298+05:30,2016-05-09T02:45:36.077+05:30
323,7a8896a19e2edaaa11fc7f2c5ca02b0e,268,2016-05-09T02:46:11.426+05:30,2016-05-09T02:51:24.376+05:30
324,7a8896a19e2edaaa11fc7f2c5ca02b0e,247,2016-05-09T02:54:47.310+05:30,2016-05-09T02:59:43.562+05:30
325,cb016b3c52ad0d46eaccc329f95a8aed,438,2016-05-09T02:52:26.611+05:30,2016-05-09T02:59:51.042+05:30
326,67064c31e7d75cf283fb065482d1a93b,19,2016-05-09T02:26:50.479+05:30,2016-05-09T02:27:09.581+05:30
327,d7b7f8397bb8ec328aa988605aaeb37c,100,2016-05-09T02:13:58.500+05:30,2016-05-09T02:15:39.061+05:30
328,d7b7f8397bb8ec328aa988605aaeb37c,798,2016-05-09T02:16:25.961+05:30,2016-05-09T02:30:11.727+05:30
329,cc3c6bf22c94cef8727d3323fa1a5abd,307,2016-05-09T02:43:14.172+05:30,2016-05-09T02:48:21.610+05:30
330,13dea335c6b5b6319632b2a29fa35729,157,2016-05-09T02:13:25.383+05:30,2016-05-09T02:16:02.396+05:30
331,13dea335c6b5b6319632b2a29fa35729,3,2016-05-09T02:28:15.284+05:30,2016-05-09T02:28:18.473+05:30
332,13dea335c6b5b6319632b2a29fa35729,181,2016-05-09T02:47:44.106+05:30,2016-05-09T02:50:46.815+05:30
333,e6afa91eed9407ec54a96b9adb9a16d5,82,2016-05-09T02:23:10.988+05:30,2016-05-09T02:24:45.227+05:30
334,bc66f2ada266d3548dc2603a30ac05b7,54,2016-05-09T02:13:59.209+05:30,2016-05-09T02:14:53.954+05:30
335,bb10893026f1613292de9aea72bff55c,451,2016-05-09T02:50:53.977+05:30,2016-05-09T02:58:34.398+05:30
337,df5a6748a24253759c860c36d7660744,184,2016-05-09T02:11:00.376+05:30,2016-05-09T02:14:20.113+05:30
338,df5a6748a24253759c860c36d7660744,263,2016-05-09T02:15:13.741+05:30,2016-05-09T02:19:39.955+05:30
339,df5a6748a24253759c860c36d7660744,522,2016-05-09T02:20:12.309+05:30,2016-05-09T02:29:07.578+05:30
340,12434942d2ca98d16281b9a32af9f362,149,2016-05-09T02:24:53.644+05:30,2016-05-09T02:27:23.366+05:30
341,e65b9389ea60cf6c5dd758018918a5df,6,2016-05-09T02:24:43.264+05:30,2016-05-09T02:24:49.881+05:30
343,1ae6f17bfb1da44c0a6acea284550b7b,129,2016-05-09T02:25:04.736+05:30,2016-05-09T02:27:13.893+05:30
344,1ae6f17bfb1da44c0a6acea284550b7b,95,2016-05-09T02:44:45.295+05:30,2016-05-09T02:46:22.097+05:30
345,1ae6f17bfb1da44c0a6acea284550b7b,8,2016-05-09T02:47:09.339+05:30,2016-05-09T02:47:18.202+05:30
346,377e890c7edf8946c6b27994e913afc4,223,2016-05-09T02:26:13.924+05:30,2016-05-09T02:30:05.005+05:30
347,e2d2e304a27ccd1dc04e95127bc9dd32,190,2016-05-09T02:46:07.439+05:30,2016-05-09T02:49:42.601+05:30
348,03e564542229171830313296cddcf536,442,2016-05-09T02:27:10.715+05:30,2016-05-09T02:34:44.240+05:30
349,2038eb5928f48ce06137ed39fbe4db03,227,2016-05-09T02:11:42.731+05:30,2016-05-09T02:16:06.381+05:30
350,a383f2affd4231f04ec1618c8ad58413,182,2016-05-09T02:28:39.927+05:30,2016-05-09T02:31:46.506+05:30
351,0b84df3d8e62b67987fd9864af8951bc,346,2016-05-09T02:22:05.997+05:30,2016-05-09T02:27:52.802+05:30
352,54151f95de0630558946611f41b1fdb1,53,2016-05-09T02:14:59.735+05:30,2016-05-09T02:16:01.816+05:30
354,173f96953c43e89f179c3e8135713bbe,97,2016-05-09T02:03:14.769+05:30,2016-05-09T02:04:53.873+05:30
355,51a7f654bb5f75dc49d0ab186deeb51f,127,2016-05-09T02:17:41.865+05:30,2016-05-09T02:20:02.043+05:30
356,51a7f654bb5f75dc49d0ab186deeb51f,7,2016-05-09T02:32:21.219+05:30,2016-05-09T02:32:29.199+05:30
357,c8003e807442dde8e44603f5d6b1ec97,91,2016-05-09T02:58:19.445+05:30,2016-05-09T02:59:56.820+05:30
358,34e82ec784802e3deac09795b007bf2e,439,2016-05-09T02:49:49.617+05:30,2016-05-09T02:57:19.340+05:30
359,c17c290c799cc93e7a151cc56c12898f,131,2016-05-09T02:56:56.594+05:30,2016-05-09T02:59:12.649+05:30
360,56b5d4c02f8e6e291b11dd7d6563ce84,144,2016-05-09T02:37:17.786+05:30,2016-05-09T02:39:45.997+05:30
361,56b5d4c02f8e6e291b11dd7d6563ce84,375,2016-05-09T02:41:56.358+05:30,2016-05-09T02:48:28.099+05:30
362,56b5d4c02f8e6e291b11dd7d6563ce84,44,2016-05-09T02:57:30.707+05:30,2016-05-09T02:58:15.685+05:30
363,d8345fb35acdd956db2d57d5b6738167,470,2016-05-09T02:11:53.749+05:30,2016-05-09T02:19:46.778+05:30
364,d8345fb35acdd956db2d57d5b6738167,5,2016-05-09T02:37:27.214+05:30,2016-05-09T02:37:33.013+05:30
365,37625386eeb3c20b3cb78c8c805583f7,34,2016-05-09T02:02:56.028+05:30,2016-05-09T02:03:31.349+05:30
367,16542f74da2fa5e9f15cccef7de1d329,123,2016-05-09T02:01:53.431+05:30,2016-05-09T02:03:58.659+05:30
368,16542f74da2fa5e9f15cccef7de1d329,432,2016-05-09T02:09:41.099+05:30,2016-05-09T02:17:10.353+05:30
369,16542f74da2fa5e9f15cccef7de1d329,35,2016-05-09T02:28:18.478+05:30,2016-05-09T02:28:53.876+05:30
370,6b51aafb5f35d1a962e7827256c1ee81,181,2016-05-09T02:40:52.167+05:30,2016-05-09T02:43:56.032+05:30
371,7c13b323950d40e83cff6a47175ec742,457,2016-05-09T02:10:08.553+05:30,2016-05-09T02:17:54.148+05:30
372,c6b99b663acd193fc7db62acceb363e5,491,2016-05-09T02:15:51.643+05:30,2016-05-09T02:24:20.515+05:30
373,c6b99b663acd193fc7db62acceb363e5,12,2016-05-09T02:28:37.519+05:30,2016-05-09T02:28:49.697+05:30
374,5b3c2fa97485cab51e9dc836bb845581,1058,2016-05-09T02:30:19.342+05:30,2016-05-09T02:48:00.562+05:30
375,b6a0434015045a280ef04ed7420ad49f,72,2016-05-09T02:44:42.616+05:30,2016-05-09T02:45:54.764+05:30
376,b6a0434015045a280ef04ed7420ad49f,233,2016-05-09T02:53:46.298+05:30,2016-05-09T02:58:01.249+05:30
377,d20c24b97ae0131cbb8a319b4a70f78a,691,2016-05-09T02:28:53.577+05:30,2016-05-09T02:40:24.915+05:30
378,8fc8632a8d2b994caf6bc2ad71e9d3a7,6,2016-05-09T02:21:07.149+05:30,2016-05-09T02:21:13.845+05:30
379,8fc8632a8d2b994caf6bc2ad71e9d3a7,237,2016-05-09T02:44:57.711+05:30,2016-05-09T02:48:54.871+05:30
380,68a172eac1fdf6fba6fb5db268127bae,106,2016-05-09T02:00:22.466+05:30,2016-05-09T02:02:21.058+05:30
381,0c4c94ce5af6a71a101d0ecb8f5b3180,330,2016-05-09T02:50:39.939+05:30,2016-05-09T02:56:29.416+05:30
382,22c4a651aa1207466b8292034a51f3a9,160,2016-05-09T02:33:45.003+05:30,2016-05-09T02:36:41.899+05:30
383,4e0231135a762a7ef83d23bb197189aa,550,2016-05-09T02:15:37.888+05:30,2016-05-09T02:25:10.918+05:30
384,4e0231135a762a7ef83d23bb197189aa,38,2016-05-09T02:28:00.097+05:30,2016-05-09T02:28:39.415+05:30
385,a0fd8de57473706f103485a9b83f4c50,96,2016-05-09T02:21:51.569+05:30,2016-05-09T02:23:28.891+05:30
386,a0fd8de57473706f103485a9b83f4c50,9,2016-05-09T02:24:23.582+05:30,2016-05-09T02:24:33.040+05:30
387,a6d84a5b0e8eb12d60a18b842b73f09c,415,2016-05-09T02:16:15.212+05:30,2016-05-09T02:23:29.477+05:30
388,ab2f3a3f93ba5bb2ee35bfea51312b29,347,2016-05-09T02:48:53.731+05:30,2016-05-09T02:55:09.931+05:30
389,86f385b3b96b37a8b3bd08cf9ad8decb,106,2016-05-09T02:36:42.929+05:30,2016-05-09T02:38:36.493+05:30
390,86f385b3b96b37a8b3bd08cf9ad8decb,126,2016-05-09T02:44:55.632+05:30,2016-05-09T02:47:11.220+05:30
391,2e610ebee9b9e0937066401cf91c60f5,361,2016-05-09T02:16:47.563+05:30,2016-05-09T02:22:57.983+05:30
392,9a0b5f701b38c5c45596ab101ad64053,853,2016-05-09T02:39:59.981+05:30,2016-05-09T02:54:49.829+05:30
393,09e1f27c90bc466b8810fd19c4a1d3c3,52,2016-05-09T02:39:12.445+05:30,2016-05-09T02:40:04.816+05:30
394,036278757e0c6a047f08e6992478de44,65,2016-05-09T02:00:53.550+05:30,2016-05-09T02:01:58.834+05:30
395,d5914f88fdb9009efbca24d8072255e9,41,2016-05-09T02:11:06.204+05:30,2016-05-09T02:11:51.419+05:30
396,d5914f88fdb9009efbca24d8072255e9,49,2016-05-09T02:54:05.946+05:30,2016-05-09T02:54:55.837+05:30
397,e811e6d81dc55fb8e58c95effd72283d,11,2016-05-09T02:07:29.725+05:30,2016-05-09T02:07:44.984+05:30
398,e811e6d81dc55fb8e58c95effd72283d,346,2016-05-09T02:11:17.107+05:30,2016-05-09T02:17:56.466+05:30
401,8c239a26b4fecf79a83beda4b0543928,271,2016-05-09T02:35:11.432+05:30,2016-05-09T02:39:54.774+05:30
402,8c239a26b4fecf79a83beda4b0543928,274,2016-05-09T02:42:01.291+05:30,2016-05-09T02:46:42.851+05:30
403,8c239a26b4fecf79a83beda4b0543928,329,2016-05-09T02:48:11.455+05:30,2016-05-09T02:53:45.602+05:30
404,6c7e5f483d90eec9fe1fd24aa65c43c6,115,2016-05-09T02:04:13.524+05:30,2016-05-09T02:06:08.963+05:30
405,00cbae8ec153279af5180b31c8b7e5a9,27,2016-05-09T02:10:34.892+05:30,2016-05-09T02:11:07.930+05:30
406,fd9319d592dae7667368c4c4bdee976d,96,2016-05-09T02:34:08.233+05:30,2016-05-09T02:35:44.318+05:30
407,7c62400c25c709ad5f6c32a9ef3a388f,493,2016-05-09T02:45:08.356+05:30,2016-05-09T02:54:15.675+05:30
408,1321e2bc3b137f446329ef82b495eedd,1273,2016-05-09T02:11:43.428+05:30,2016-05-09T02:33:37.321+05:30
409,3cb2496ef285522aff77ca13de4c5b29,174,2016-05-09T02:40:14.544+05:30,2016-05-09T02:43:11.633+05:30
410,12952f1d66d12bb2c9eddd3b8dc33434,425,2016-05-09T02:14:13.772+05:30,2016-05-09T02:21:25.088+05:30
411,2e9d79fb8870512bf4b7fc172bc451e6,215,2016-05-09T02:10:35.014+05:30,2016-05-09T02:14:39.389+05:30
412,84d3e789db16381eaf60f7da635179e7,37,2016-05-09T02:46:05.284+05:30,2016-05-09T02:46:47.752+05:30
414,95975c315b6f7c17165d3502b6fc2ddf,22,2016-05-09T02:45:33.984+05:30,2016-05-09T02:45:58.805+05:30
416,24060d552b8b54b68f4c1e5e94c1093b,81,2016-05-09T02:41:34.925+05:30,2016-05-09T02:43:03.738+05:30
417,24060d552b8b54b68f4c1e5e94c1093b,240,2016-05-09T02:54:29.718+05:30,2016-05-09T02:58:33.273+05:30
418,ff5fa3b7427ba1bc2c5ac50387bc3ec3,545,2016-05-09T02:45:59.649+05:30,2016-05-09T02:55:51.731+05:30
419,ff5fa3b7427ba1bc2c5ac50387bc3ec3,185,2016-05-09T02:56:34.376+05:30,2016-05-09T02:59:51.769+05:30
420,73f864e476d7fbb46a627becb5d8a31a,732,2016-05-09T02:01:14.112+05:30,2016-05-09T02:13:33.346+05:30
421,ff7766e2029a6f887ab2e018f701d2c7,584,2016-05-09T02:05:54.403+05:30,2016-05-09T02:15:54.082+05:30
422,ff7766e2029a6f887ab2e018f701d2c7,402,2016-05-09T02:18:13.201+05:30,2016-05-09T02:24:59.319+05:30
423,ff7766e2029a6f887ab2e018f701d2c7,854,2016-05-09T02:27:20.921+05:30,2016-05-09T02:41:52.124+05:30
424,68281ffa5fbccadaa0df684cd9ddc8e3,14,2016-05-09T02:10:09.120+05:30,2016-05-09T02:10:23.724+05:30
425,68281ffa5fbccadaa0df684cd9ddc8e3,6,2016-05-09T02:14:34.307+05:30,2016-05-09T02:14:40.787+05:30
426,fa4f2abbfb1427567ac6e536f21ba52e,348,2016-05-09T02:14:23.316+05:30,2016-05-09T02:20:17.961+05:30
427,5d444f81568e0455b9ff04f6b68e2d0e,553,2016-05-09T02:19:01.712+05:30,2016-05-09T02:29:03.549+05:30
428,d091c8c5aaa24ea0a4c9beaceffe70cc,3,2016-05-09T02:01:29.396+05:30,2016-05-09T02:01:32.419+05:30
429,111e8394c3180013eed65c582a5a8af5,319,2016-05-09T02:46:52.703+05:30,2016-05-09T02:52:13.312+05:30
430,0c244179a08f0597341e5620b8bbf6d5,300,2016-05-09T02:48:44.518+05:30,2016-05-09T02:53:44.743+05:30
431,432b97ca34756f0357115e5ae5e176fc,3,2016-05-09T02:49:44.038+05:30,2016-05-09T02:49:47.610+05:30
432,06f32db35a05757488789206931330a1,308,2016-05-09T02:46:31.533+05:30,2016-05-09T02:51:43.332+05:30
433,eb7665b96a61fe96f001ac6771ffbc4f,33,2016-05-09T02:04:42.845+05:30,2016-05-09T02:05:15.872+05:30
434,b82e6b4369aa2d54949ab562be59f636,320,2016-05-09T02:42:59.333+05:30,2016-05-09T02:48:27.398+05:30
435,9d38660fa29235bd2e05af3f4afc78fb,321,2016-05-09T02:01:21.313+05:30,2016-05-09T02:06:45.606+05:30
436,9d38660fa29235bd2e05af3f4afc78fb,183,2016-05-09T02:07:54.086+05:30,2016-05-09T02:10:58.505+05:30
437,9d38660fa29235bd2e05af3f4afc78fb,924,2016-05-09T02:13:39.568+05:30,2016-05-09T02:29:30.684+05:30
438,3706a8cc4082254f607029fcea5bd26a,113,2016-05-09T02:20:54.184+05:30,2016-05-09T02:22:48.645+05:30
439,973eb0434ca0d6a7473da059e809148f,44,2016-05-09T02:30:15.345+05:30,2016-05-09T02:30:59.731+05:30
440,973eb0434ca0d6a7473da059e809148f,349,2016-05-09T02:34:51.370+05:30,2016-05-09T02:40:46.713+05:30
441,973eb0434ca0d6a7473da059e809148f,36,2016-05-09T02:54:13.222+05:30,2016-05-09T02:54:49.403+05:30
442,c81b674b8a3be8beffeea0f2217917f5,5,2016-05-09T02:14:53.018+05:30,2016-05-09T02:14:58.560+05:30
443,f2fc58b62fc99af994ed3ab7baea0102,770,2016-05-09T02:19:26.572+05:30,2016-05-09T02:33:47.088+05:30
444,1524de37c5007fc752b2e62cf4eb9903,248,2016-05-09T02:10:47.120+05:30,2016-05-09T02:14:57.341+05:30
445,fe2f0be7833ec6e523c60ff5c831f8a1,53,2016-05-09T02:31:33.438+05:30,2016-05-09T02:32:40.657+05:30
446,fe2f0be7833ec6e523c60ff5c831f8a1,104,2016-05-09T02:34:30.770+05:30,2016-05-09T02:36:59.380+05:30
447,fe2f0be7833ec6e523c60ff5c831f8a1,24,2016-05-09T02:43:58.611+05:30,2016-05-09T02:44:28.302+05:30
450,fe2f0be7833ec6e523c60ff5c831f8a1,15,2016-05-09T02:59:12.247+05:30,2016-05-09T02:59:29.106+05:30
451,81036120951a9cadb2c84fb860e392eb,87,2016-05-09T02:10:56.586+05:30,2016-05-09T02:12:25.429+05:30
452,81036120951a9cadb2c84fb860e392eb,59,2016-05-09T02:31:59.409+05:30,2016-05-09T02:32:59.145+05:30
453,f98b3353af398662823d6acdc872b867,565,2016-05-09T02:32:05.083+05:30,2016-05-09T02:41:41.161+05:30
454,062cb0c256d161c1233a86f269dab3fa,65,2016-05-09T02:52:14.421+05:30,2016-05-09T02:53:20.240+05:30
455,3e5c4bc07b49d5117a8820112c366d9b,24,2016-05-09T02:00:38.065+05:30,2016-05-09T02:01:06.748+05:30
456,351a5b55908324f5c8efb6b7f93f26bf,106,2016-05-09T02:31:09.605+05:30,2016-05-09T02:33:27.591+05:30
458,d3dd49974b53da7d2c43090bce7c10c9,4,2016-05-09T02:18:48.586+05:30,2016-05-09T02:18:52.603+05:30
459,d3dd49974b53da7d2c43090bce7c10c9,82,2016-05-09T02:20:55.497+05:30,2016-05-09T02:22:28.136+05:30
460,1339da3a0a0df15eac91bc3e30237a97,13,2016-05-09T02:22:57.319+05:30,2016-05-09T02:23:10.946+05:30
461,7833b6dbafc07903ed851dee13d4d96f,129,2016-05-09T02:25:36.794+05:30,2016-05-09T02:28:15.772+05:30
462,f72d5ab419490af420147fb1b947bcbf,99,2016-05-09T02:19:59.951+05:30,2016-05-09T02:21:51.761+05:30
463,f72d5ab419490af420147fb1b947bcbf,25,2016-05-09T02:27:05.999+05:30,2016-05-09T02:27:33.250+05:30
464,3f0280b57b10f4304a608c44c2e086c6,128,2016-05-09T02:30:05.434+05:30,2016-05-09T02:32:16.044+05:30
465,bbb1d9a5b37277cf6cc357aea971faf7,32,2016-05-09T02:40:24.780+05:30,2016-05-09T02:40:57.702+05:30
466,554cb35f0d19145014b17b704d09e0b9,87,2016-05-09T02:40:37.409+05:30,2016-05-09T02:42:08.377+05:30
467,554cb35f0d19145014b17b704d09e0b9,62,2016-05-09T02:44:40.706+05:30,2016-05-09T02:45:42.950+05:30
468,45fc310a6609dba5ead7f3636c086fdf,321,2016-05-09T02:47:00.475+05:30,2016-05-09T02:52:24.351+05:30
469,f5a0d8afffa86c2d36e89d944317701c,149,2016-05-09T02:34:01.234+05:30,2016-05-09T02:36:35.373+05:30
470,fc0a96926e42dc7793dfcdf6de60f66b,105,2016-05-09T02:08:33.023+05:30,2016-05-09T02:10:24.605+05:30
471,fc0a96926e42dc7793dfcdf6de60f66b,418,2016-05-09T02:11:10.038+05:30,2016-05-09T02:18:18.112+05:30
472,fc0a96926e42dc7793dfcdf6de60f66b,610,2016-05-09T02:19:10.877+05:30,2016-05-09T02:29:23.070+05:30
473,fc0a96926e42dc7793dfcdf6de60f66b,654,2016-05-09T02:30:26.383+05:30,2016-05-09T02:41:21.339+05:30
474,fc0a96926e42dc7793dfcdf6de60f66b,15,2016-05-09T02:42:12.968+05:30,2016-05-09T02:42:28.760+05:30
475,fc0a96926e42dc7793dfcdf6de60f66b,23,2016-05-09T02:44:45.482+05:30,2016-05-09T02:45:08.622+05:30
476,ba714ea44fd79f52ad3450ec68f38cde,310,2016-05-09T02:26:34.189+05:30,2016-05-09T02:32:12.120+05:30
477,a25729af4c959f020dfdc688f3c17bee,82,2016-05-09T02:12:13.168+05:30,2016-05-09T02:13:38.908+05:30
478,a25729af4c959f020dfdc688f3c17bee,313,2016-05-09T02:14:20.685+05:30,2016-05-09T02:19:42.006+05:30
479,7fe41ab1c2daeb942b4f4e1661c0b71c,365,2016-05-09T02:16:09.900+05:30,2016-05-09T02:22:21.381+05:30
480,7fe41ab1c2daeb942b4f4e1661c0b71c,177,2016-05-09T02:23:20.490+05:30,2016-05-09T02:26:19.129+05:30
481,0fad6d446a685e478b59132e511cd92e,26,2016-05-09T02:39:57.992+05:30,2016-05-09T02:40:24.893+05:30
482,82fefefb5d38c0a1499e48d5f2788052,316,2016-05-09T02:53:24.265+05:30,2016-05-09T02:58:43.550+05:30
483,a265bac2ef3f81f64b62e496bc45b7cf,19,2016-05-09T02:17:37.414+05:30,2016-05-09T02:17:56.617+05:30
484,a265bac2ef3f81f64b62e496bc45b7cf,1023,2016-05-09T02:33:23.981+05:30,2016-05-09T02:50:50.444+05:30
485,a265bac2ef3f81f64b62e496bc45b7cf,166,2016-05-09T02:52:32.052+05:30,2016-05-09T02:55:24.400+05:30
486,b8df5c29ba18fb48fc22820683bf28dd,289,2016-05-09T02:41:51.353+05:30,2016-05-09T02:47:35.363+05:30
487,3fdfce060379b2eb4187ab8460da2233,138,2016-05-09T02:11:07.171+05:30,2016-05-09T02:13:25.435+05:30
488,4c16bc7c89e6ec4e7b5261983d7971ab,96,2016-05-09T02:18:35.898+05:30,2016-05-09T02:20:12.419+05:30
489,4c16bc7c89e6ec4e7b5261983d7971ab,811,2016-05-09T02:26:53.378+05:30,2016-05-09T02:40:24.879+05:30
490,4c16bc7c89e6ec4e7b5261983d7971ab,35,2016-05-09T02:41:13.996+05:30,2016-05-09T02:41:49.914+05:30
491,77194bc96339fae9b47c736fc05f08ed,221,2016-05-09T02:32:40.395+05:30,2016-05-09T02:37:01.837+05:30
492,3307fcdb41cac7a98164cc32383abdda,120,2016-05-09T02:01:54.151+05:30,2016-05-09T02:03:54.611+05:30
493,fcc7bf31b384be0a39f7ea7e746629a2,229,2016-05-09T02:51:06.876+05:30,2016-05-09T02:54:57.227+05:30
494,ad5d5bc9a99a758f2eaf24995d021185,45,2016-05-09T02:00:54.146+05:30,2016-05-09T02:01:39.902+05:30
495,ad5d5bc9a99a758f2eaf24995d021185,12,2016-05-09T02:08:20.779+05:30,2016-05-09T02:08:33.455+05:30
496,e53a926f9fe740b07e9b8a81a6f8d008,167,2016-05-09T02:33:04.743+05:30,2016-05-09T02:36:01.548+05:30
497,4575fb999077c49509f40c00a9f7538c,3,2016-05-09T02:35:59.443+05:30,2016-05-09T02:36:02.715+05:30
498,5dccd3bdcb8479cf38bb77ce68e48c22,262,2016-05-09T02:41:26.821+05:30,2016-05-09T02:45:55.292+05:30
499,593775722dde9dff3ed5b31f10085f2a,150,2016-05-09T02:11:10.521+05:30,2016-05-09T02:13:40.581+05:30
500,1d8e121858e4323c2396977a85fb33ea,522,2016-05-09T02:30:50.090+05:30,2016-05-09T02:40:18.641+05:30
501,173bd5dda364c4fada1ee7d7adac245b,106,2016-05-09T02:19:59.734+05:30,2016-05-09T02:21:46.965+05:30
502,173bd5dda364c4fada1ee7d7adac245b,12,2016-05-09T02:40:22.504+05:30,2016-05-09T02:40:35.434+05:30
504,d7ef0185915b305748401594b3c823c5,186,2016-05-09T02:02:53.182+05:30,2016-05-09T02:06:16.127+05:30
505,d7ef0185915b305748401594b3c823c5,51,2016-05-09T02:10:03.992+05:30,2016-05-09T02:10:55.044+05:30
506,d7ef0185915b305748401594b3c823c5,146,2016-05-09T02:19:47.495+05:30,2016-05-09T02:22:14.378+05:30
507,50c395a316026d3c586dc7b8a56ff2db,144,2016-05-09T02:46:40.691+05:30,2016-05-09T02:49:04.964+05:30
508,36bf4c3bb60a7586a9e3f3e8ebba9855,355,2016-05-09T02:00:08.914+05:30,2016-05-09T02:06:17.027+05:30
509,ecba95559f1b87018d3850714543d3ca,209,2016-05-09T02:43:31.753+05:30,2016-05-09T02:47:07.879+05:30
510,ee6d8080d67421ab0561a358022da44b,104,2016-05-09T02:00:06.977+05:30,2016-05-09T02:01:51.450+05:30
511,ee6d8080d67421ab0561a358022da44b,63,2016-05-09T02:11:22.472+05:30,2016-05-09T02:12:25.526+05:30
512,ee6d8080d67421ab0561a358022da44b,3,2016-05-09T02:16:23.525+05:30,2016-05-09T02:16:26.581+05:30
513,ee6d8080d67421ab0561a358022da44b,76,2016-05-09T02:27:00.491+05:30,2016-05-09T02:28:17.232+05:30
514,ee6d8080d67421ab0561a358022da44b,3,2016-05-09T02:29:18.997+05:30,2016-05-09T02:29:22.077+05:30
515,ee6d8080d67421ab0561a358022da44b,17,2016-05-09T02:30:21.774+05:30,2016-05-09T02:30:39.559+05:30
516,ee6d8080d67421ab0561a358022da44b,530,2016-05-09T02:33:15.023+05:30,2016-05-09T02:42:45.492+05:30
517,ee6d8080d67421ab0561a358022da44b,37,2016-05-09T02:43:40.954+05:30,2016-05-09T02:44:17.975+05:30
518,ee6d8080d67421ab0561a358022da44b,2,2016-05-09T02:44:55.551+05:30,2016-05-09T02:44:57.737+05:30
519,163a0b4596dab3de36e813903800e720,107,2016-05-09T02:29:27.514+05:30,2016-05-09T02:31:16.502+05:30
520,163a0b4596dab3de36e813903800e720,48,2016-05-09T02:32:08.187+05:30,2016-05-09T02:32:57.158+05:30
521,163a0b4596dab3de36e813903800e720,168,2016-05-09T02:33:56.289+05:30,2016-05-09T02:36:55.989+05:30
522,4aaee7940a20705842c0494b11a6f569,108,2016-05-09T02:31:30.443+05:30,2016-05-09T02:33:19.512+05:30
523,862dcb017e3afb2495178b597f6d316f,569,2016-05-09T02:03:32.471+05:30,2016-05-09T02:13:33.141+05:30
524,486895edf3d49af19719083137b88353,332,2016-05-09T02:29:35.900+05:30,2016-05-09T02:35:23.732+05:30
525,08281228b5decaf0e82a044c6f552a00,210,2016-05-09T02:17:48.820+05:30,2016-05-09T02:21:33.278+05:30
526,08281228b5decaf0e82a044c6f552a00,393,2016-05-09T02:26:38.015+05:30,2016-05-09T02:33:49.662+05:30
527,08281228b5decaf0e82a044c6f552a00,261,2016-05-09T02:34:55.869+05:30,2016-05-09T02:39:20.957+05:30
530,0f9ee64014ecd42e99d6fdcc193c094f,152,2016-05-09T02:30:13.073+05:30,2016-05-09T02:32:52.834+05:30
531,0f9ee64014ecd42e99d6fdcc193c094f,260,2016-05-09T02:33:52.612+05:30,2016-05-09T02:39:13.776+05:30
532,0f9ee64014ecd42e99d6fdcc193c094f,236,2016-05-09T02:40:36.948+05:30,2016-05-09T02:44:46.774+05:30
533,0f9ee64014ecd42e99d6fdcc193c094f,64,2016-05-09T02:45:17.646+05:30,2016-05-09T02:46:24.832+05:30
534,0e0f289c0fa7eb903280b45ca29450db,363,2016-05-09T02:34:19.518+05:30,2016-05-09T02:40:39.408+05:30
535,18d82407771aa93b7f00b4b91c1b1021,165,2016-05-09T02:56:13.545+05:30,2016-05-09T02:59:05.426+05:30
537,6bb12e39c45e1f680e7ff043c4542061,53,2016-05-09T02:42:21.297+05:30,2016-05-09T02:43:23.302+05:30
538,6bb12e39c45e1f680e7ff043c4542061,126,2016-05-09T02:46:33.590+05:30,2016-05-09T02:48:44.308+05:30
539,6bb12e39c45e1f680e7ff043c4542061,56,2016-05-09T02:58:37.404+05:30,2016-05-09T02:59:34.436+05:30
540,5aafb221eb505eb6d018250a740f2ce2,316,2016-05-09T02:53:18.133+05:30,2016-05-09T02:58:53.458+05:30
541,799da5e2ec031c11e5b9a819b988befd,100,2016-05-09T02:49:42.170+05:30,2016-05-09T02:51:23.047+05:30
542,799da5e2ec031c11e5b9a819b988befd,69,2016-05-09T02:52:03.686+05:30,2016-05-09T02:53:13.572+05:30
543,d7e1621610de185d50d16367d936f05d,8,2016-05-09T02:59:16.205+05:30,2016-05-09T02:59:24.964+05:30
544,7a778d6b916181cb1faa3d371611c681,315,2016-05-09T02:50:54.545+05:30,2016-05-09T02:56:14.012+05:30
546,857c453b100c5cdfc23cc612d3fd5fff,272,2016-05-09T02:16:32.747+05:30,2016-05-09T02:21:29.460+05:30
547,857c453b100c5cdfc23cc612d3fd5fff,285,2016-05-09T02:36:11.145+05:30,2016-05-09T02:40:56.550+05:30
548,142367f9b46b6569da2a6b3ef6437ce1,893,2016-05-09T02:17:42.174+05:30,2016-05-09T02:32:44.628+05:30
549,af9a9f7764c1d5aac34c2a1f91fb415b,234,2016-05-09T02:32:43.203+05:30,2016-05-09T02:36:46.367+05:30
550,af9a9f7764c1d5aac34c2a1f91fb415b,167,2016-05-09T02:40:05.750+05:30,2016-05-09T02:43:03.535+05:30
551,758000d9afdc5eb75e776d043a001e5d,3,2016-05-09T02:52:09.780+05:30,2016-05-09T02:52:13.647+05:30
552,ae0ee7b6212aa81127f813fdea6f04b6,145,2016-05-09T02:34:58.291+05:30,2016-05-09T02:37:23.788+05:30
553,4b63e408eccb628ee1748a4c60251cae,178,2016-05-09T02:49:55.096+05:30,2016-05-09T02:53:04.066+05:30
554,4b63e408eccb628ee1748a4c60251cae,175,2016-05-09T02:54:00.130+05:30,2016-05-09T02:56:59.910+05:30
555,020a31ce21e6e61376737fdf7ca570f3,139,2016-05-09T02:13:13.201+05:30,2016-05-09T02:15:43.089+05:30
556,020a31ce21e6e61376737fdf7ca570f3,7,2016-05-09T02:48:05.571+05:30,2016-05-09T02:48:12.803+05:30
557,020a31ce21e6e61376737fdf7ca570f3,92,2016-05-09T02:49:08.929+05:30,2016-05-09T02:50:43.508+05:30
558,020a31ce21e6e61376737fdf7ca570f3,150,2016-05-09T02:51:58.285+05:30,2016-05-09T02:54:37.854+05:30
559,020a31ce21e6e61376737fdf7ca570f3,72,2016-05-09T02:58:35.699+05:30,2016-05-09T02:59:55.957+05:30
560,0a00f9cfa334f9ad771958f1eac95171,18,2016-05-09T02:33:21.464+05:30,2016-05-09T02:33:39.599+05:30
561,95c6bfe3dedfb3f60dfe25d2ec77f26a,4,2016-05-09T02:38:45.257+05:30,2016-05-09T02:38:50.249+05:30
562,c0036d4ab8f2e86cb6cc65b078b83b72,3,2016-05-09T02:21:45.091+05:30,2016-05-09T02:21:48.316+05:30
564,98e228df9c8d60d163114120d7a317cf,502,2016-05-09T02:30:03.584+05:30,2016-05-09T02:38:38.577+05:30
565,c34d3c7e4411a48a3e46497975eca088,833,2016-05-09T02:23:25.646+05:30,2016-05-09T02:37:42.221+05:30
566,c34d3c7e4411a48a3e46497975eca088,423,2016-05-09T02:40:21.927+05:30,2016-05-09T02:47:56.895+05:30
567,c34d3c7e4411a48a3e46497975eca088,2,2016-05-09T02:49:20.857+05:30,2016-05-09T02:49:23.708+05:30
568,26e3b8aad0b9acc0dd034f526a2e0939,142,2016-05-09T02:38:42.659+05:30,2016-05-09T02:41:05.098+05:30
569,26e3b8aad0b9acc0dd034f526a2e0939,5,2016-05-09T02:52:06.032+05:30,2016-05-09T02:52:11.245+05:30
570,da180f9aaaecc79f64ff41072b7161b3,144,2016-05-09T02:09:45.430+05:30,2016-05-09T02:12:16.182+05:30
571,da180f9aaaecc79f64ff41072b7161b3,3,2016-05-09T02:16:50.607+05:30,2016-05-09T02:16:54.156+05:30
572,da180f9aaaecc79f64ff41072b7161b3,240,2016-05-09T02:18:06.245+05:30,2016-05-09T02:22:27.258+05:30
573,da180f9aaaecc79f64ff41072b7161b3,59,2016-05-09T02:23:27.300+05:30,2016-05-09T02:24:28.440+05:30
574,da180f9aaaecc79f64ff41072b7161b3,16,2016-05-09T02:26:07.692+05:30,2016-05-09T02:26:24.370+05:30
575,da180f9aaaecc79f64ff41072b7161b3,148,2016-05-09T02:26:58.251+05:30,2016-05-09T02:29:51.986+05:30
576,9fa74d5f5f74202f2b541b8c686d5d6a,20,2016-05-09T02:18:58.933+05:30,2016-05-09T02:19:19.454+05:30
577,a500636e12154a54b213fd68159bfd31,154,2016-05-09T02:33:36.695+05:30,2016-05-09T02:36:13.602+05:30
578,a500636e12154a54b213fd68159bfd31,37,2016-05-09T02:37:48.665+05:30,2016-05-09T02:38:35.870+05:30
581,78325d5c54cc03f317da0ff93f17760a,123,2016-05-09T02:39:20.138+05:30,2016-05-09T02:41:25.018+05:30
582,1f55bfcbe8335016b3b7e00ce7c5dbca,93,2016-05-09T02:04:17.536+05:30,2016-05-09T02:05:56.916+05:30
583,9d4415e030d059ded505304cc5c0d98e,202,2016-05-09T02:09:06.932+05:30,2016-05-09T02:13:24.668+05:30
584,fee357f1953b18a3d128c7cf694f8620,91,2016-05-09T02:01:13.142+05:30,2016-05-09T02:02:45.107+05:30
585,fee357f1953b18a3d128c7cf694f8620,81,2016-05-09T02:03:27.618+05:30,2016-05-09T02:04:49.526+05:30
586,fee357f1953b18a3d128c7cf694f8620,93,2016-05-09T02:06:03.663+05:30,2016-05-09T02:07:40.757+05:30
587,f0d2f6d04d05194da38d64e0ad102249,38,2016-05-09T02:38:23.878+05:30,2016-05-09T02:39:02.104+05:30
588,63c72b6b260e4ada9267095835b0bb03,66,2016-05-09T02:48:15.105+05:30,2016-05-09T02:49:21.954+05:30
589,49915d07e541e73333e5cf17b0e4f2b3,318,2016-05-09T02:53:58.963+05:30,2016-05-09T02:59:49.901+05:30
590,5f2ef9720f481dfa65d26d01b96241ad,281,2016-05-09T02:34:29.276+05:30,2016-05-09T02:39:14.157+05:30
591,5f2ef9720f481dfa65d26d01b96241ad,406,2016-05-09T02:42:11.276+05:30,2016-05-09T02:49:26.835+05:30
592,5c2d0b7d7f2d7abdf19ef36d16a5ec99,9,2016-05-09T02:50:53.673+05:30,2016-05-09T02:51:03.071+05:30
593,9ac664efa2e902b4dc1ad0b8703e22ad,6,2016-05-09T02:00:44.213+05:30,2016-05-09T02:00:50.642+05:30
594,9ac664efa2e902b4dc1ad0b8703e22ad,20,2016-05-09T02:40:20.598+05:30,2016-05-09T02:40:43.646+05:30
595,510ffa15da0e0ec75ce9a184855e7455,2,2016-05-09T02:35:42.169+05:30,2016-05-09T02:35:45.053+05:30
596,dcccbc3d6043f693a0b74fc6e6809c36,171,2016-05-09T02:14:33.722+05:30,2016-05-09T02:17:26.128+05:30
597,dcccbc3d6043f693a0b74fc6e6809c36,128,2016-05-09T02:19:22.849+05:30,2016-05-09T02:21:33.149+05:30
598,3fe75ecd9190c6f705bf9ecc3cb8ceb0,327,2016-05-09T02:35:21.170+05:30,2016-05-09T02:40:48.465+05:30
599,5e5448ef29bea2819bd4a82ce7cf4b1c,307,2016-05-09T02:11:08.688+05:30,2016-05-09T02:16:29.235+05:30
600,e2575e8b6bf5bbd1805a5978dd5dd35c,65,2016-05-09T02:26:26.491+05:30,2016-05-09T02:27:34.671+05:30
602,1b8637a7d971958b779b59de5cba7ff2,5,2016-05-09T02:51:24.212+05:30,2016-05-09T02:51:29.603+05:30
603,05f5cfe308c0b33324941e0614f8bcf1,195,2016-05-09T02:24:11.122+05:30,2016-05-09T02:27:27.759+05:30
604,05f5cfe308c0b33324941e0614f8bcf1,282,2016-05-09T02:28:17.180+05:30,2016-05-09T02:33:05.944+05:30
605,b6da100be10e6698cc0db87cd0fc3712,103,2016-05-09T02:19:09.773+05:30,2016-05-09T02:21:05.355+05:30
606,b6da100be10e6698cc0db87cd0fc3712,76,2016-05-09T02:35:55.110+05:30,2016-05-09T02:37:31.068+05:30
607,b6da100be10e6698cc0db87cd0fc3712,223,2016-05-09T02:39:23.809+05:30,2016-05-09T02:44:08.495+05:30
608,b6da100be10e6698cc0db87cd0fc3712,93,2016-05-09T02:48:14.479+05:30,2016-05-09T02:49:51.323+05:30
609,e16b908dfb6f1f233fff664451795192,101,2016-05-09T02:20:22.107+05:30,2016-05-09T02:22:09.664+05:30
610,c7492ba1315754630d34fb4a5f0a11ed,198,2016-05-09T02:20:54.531+05:30,2016-05-09T02:24:32.362+05:30
611,c7492ba1315754630d34fb4a5f0a11ed,74,2016-05-09T02:25:37.026+05:30,2016-05-09T02:27:06.288+05:30
613,c21dd5105b6a85650b03386bf13af046,490,2016-05-09T02:34:56.572+05:30,2016-05-09T02:43:22.164+05:30
614,cfcc2167ff107c858cf2353ea1bf6841,18,2016-05-09T02:48:58.959+05:30,2016-05-09T02:49:17.754+05:30
615,14c923d8897347d57bd0b1e1bce70288,308,2016-05-09T02:26:12.692+05:30,2016-05-09T02:31:48.632+05:30
616,14c923d8897347d57bd0b1e1bce70288,161,2016-05-09T02:33:09.016+05:30,2016-05-09T02:36:07.331+05:30
618,bdd21c2c22ff6b1fd649ec881e9d47f3,169,2016-05-09T02:14:11.293+05:30,2016-05-09T02:17:02.087+05:30
619,ff7dd948e8a4622c83322431dd9a8d5c,14,2016-05-09T02:08:49.567+05:30,2016-05-09T02:09:03.702+05:30
620,07a5002d0801a054047efe9988f45771,742,2016-05-09T02:33:48.601+05:30,2016-05-09T02:46:18.251+05:30
621,9ff36b4c20f475931b973c8a381131fe,14,2016-05-09T02:30:03.829+05:30,2016-05-09T02:30:18.564+05:30
622,b5708258640a0f117bbdb3bc248d6375,5,2016-05-09T02:35:19.549+05:30,2016-05-09T02:35:25.137+05:30
623,b5708258640a0f117bbdb3bc248d6375,614,2016-05-09T02:36:36.064+05:30,2016-05-09T02:46:50.848+05:30
624,b5708258640a0f117bbdb3bc248d6375,431,2016-05-09T02:47:29.199+05:30,2016-05-09T02:54:45.200+05:30
625,de112bbf2bfa7c6e3e49d959afad80f4,104,2016-05-09T02:09:42.575+05:30,2016-05-09T02:11:27.161+05:30
626,634dc0cf6d03d61e475d3a93a61c0486,90,2016-05-09T02:16:44.892+05:30,2016-05-09T02:18:15.194+05:30
627,634dc0cf6d03d61e475d3a93a61c0486,5,2016-05-09T02:19:14.515+05:30,2016-05-09T02:19:19.556+05:30
628,634dc0cf6d03d61e475d3a93a61c0486,3,2016-05-09T02:21:16.822+05:30,2016-05-09T02:21:20.217+05:30
629,571aedc76c6847937165e8387344729f,242,2016-05-09T02:39:55.931+05:30,2016-05-09T02:43:59.294+05:30
631,da26f6ded98c42617adedf00ad20bc5a,6,2016-05-09T02:04:24.188+05:30,2016-05-09T02:04:31.167+05:30
632,da26f6ded98c42617adedf00ad20bc5a,115,2016-05-09T02:08:16.812+05:30,2016-05-09T02:10:15.326+05:30
633,f44708d30aa0ef87dd9b3ee370e5d569,56,2016-05-09T02:12:39.397+05:30,2016-05-09T02:13:35.742+05:30
634,c3ca3914c0066c737aab17dc6ffd8714,392,2016-05-09T02:04:27.978+05:30,2016-05-09T02:11:11.500+05:30
636,cac4d405b7ed4f9fab876f686099fb23,78,2016-05-09T02:14:13.195+05:30,2016-05-09T02:15:32.840+05:30
637,cac4d405b7ed4f9fab876f686099fb23,960,2016-05-09T02:19:56.799+05:30,2016-05-09T02:36:01.985+05:30
638,d043df31259925a9233957b84ce7382a,51,2016-05-09T02:30:24.803+05:30,2016-05-09T02:31:16.381+05:30
639,afe142d2a4aa276cdb7e5894f37b2561,357,2016-05-09T02:31:03.244+05:30,2016-05-09T02:37:35.046+05:30
640,3f917a24b52c1bedc335188342f0c8c8,127,2016-05-09T02:27:05.261+05:30,2016-05-09T02:29:13.234+05:30
641,af6e5aea8394084b6989c26ddf1628cb,2,2016-05-09T02:47:43.816+05:30,2016-05-09T02:47:46.563+05:30
642,af6e5aea8394084b6989c26ddf1628cb,281,2016-05-09T02:49:25.874+05:30,2016-05-09T02:54:24.121+05:30
643,fdff9c199fe73bc3892ea66da7b66ae5,99,2016-05-09T02:20:57.845+05:30,2016-05-09T02:22:37.585+05:30
644,fdff9c199fe73bc3892ea66da7b66ae5,80,2016-05-09T02:23:57.833+05:30,2016-05-09T02:25:18.224+05:30
645,fdff9c199fe73bc3892ea66da7b66ae5,116,2016-05-09T02:27:53.070+05:30,2016-05-09T02:30:29.318+05:30
647,2e91239050058192cc5c463707f6077d,4,2016-05-09T02:08:58.565+05:30,2016-05-09T02:09:02.846+05:30
648,b7358c251044d2dae0fa370a8e04973e,15,2016-05-09T02:55:58.353+05:30,2016-05-09T02:56:13.550+05:30
649,b7358c251044d2dae0fa370a8e04973e,46,2016-05-09T02:56:50.894+05:30,2016-05-09T02:57:37.664+05:30
650,af886aae1b13689c10197e678500f5bc,274,2016-05-09T02:27:34.949+05:30,2016-05-09T02:32:38.570+05:30
651,c4978cfa334a126129494b958cfa6b2e,69,2016-05-09T02:30:58.123+05:30,2016-05-09T02:32:15.340+05:30
652,47f70aba859e59e65afca7e65d08af56,19,2016-05-09T02:13:29.372+05:30,2016-05-09T02:13:49.276+05:30
653,167ffd2f1425acd351de58affcae6f4f,51,2016-05-09T02:18:15.170+05:30,2016-05-09T02:19:06.582+05:30
654,112cbedf68bfbe7e858a3be5396374d7,46,2016-05-09T02:07:42.316+05:30,2016-05-09T02:08:29.367+05:30
655,112cbedf68bfbe7e858a3be5396374d7,10,2016-05-09T02:09:09.076+05:30,2016-05-09T02:09:25.723+05:30
656,112cbedf68bfbe7e858a3be5396374d7,9,2016-05-09T02:10:44.955+05:30,2016-05-09T02:10:58.075+05:30
657,112cbedf68bfbe7e858a3be5396374d7,4,2016-05-09T02:12:28.753+05:30,2016-05-09T02:12:33.632+05:30
658,112cbedf68bfbe7e858a3be5396374d7,6,2016-05-09T02:22:29.287+05:30,2016-05-09T02:22:35.926+05:30
659,112cbedf68bfbe7e858a3be5396374d7,3,2016-05-09T02:23:42.420+05:30,2016-05-09T02:23:46.278+05:30
660,060132a56b3f151990a3ad919fe298d9,515,2016-05-09T02:13:30.412+05:30,2016-05-09T02:22:21.238+05:30
661,060132a56b3f151990a3ad919fe298d9,883,2016-05-09T02:27:11.665+05:30,2016-05-09T02:42:23.820+05:30
662,060132a56b3f151990a3ad919fe298d9,322,2016-05-09T02:46:57.720+05:30,2016-05-09T02:52:56.622+05:30
663,9471a9f44f67c3b5c96a81ae5be167c6,105,2016-05-09T02:16:43.505+05:30,2016-05-09T02:18:29.407+05:30
664,c84587b356b5de610a21496df0b6dc11,1206,2016-05-09T02:00:45.568+05:30,2016-05-09T02:21:55.663+05:30
665,435a8b53fb9a0cae7534eea28d3355d8,33,2016-05-09T02:05:30.508+05:30,2016-05-09T02:06:21.960+05:30
666,dc0032c0f5556390f07b36b000efbb39,110,2016-05-09T02:24:22.019+05:30,2016-05-09T02:27:16.542+05:30
667,9bfc41e76239dfc7c17480901361029b,166,2016-05-09T02:34:56.371+05:30,2016-05-09T02:37:45.845+05:30
669,960b884495a055049478e4fc215adfcd,501,2016-05-09T02:45:40.190+05:30,2016-05-09T02:54:49.409+05:30
670,a8f4dc56bffe8e3ca75be9cb3e79432b,123,2016-05-09T02:00:43.588+05:30,2016-05-09T02:02:51.376+05:30
671,13ab7439cd8d8d54d799ca5f035977d8,102,2016-05-09T02:18:19.058+05:30,2016-05-09T02:20:03.231+05:30
672,13ab7439cd8d8d54d799ca5f035977d8,734,2016-05-09T02:27:18.176+05:30,2016-05-09T02:39:41.865+05:30
673,b84ab188a7c2a1208f4977717bc3e88b,11,2016-05-09T02:19:56.952+05:30,2016-05-09T02:20:08.405+05:30
674,b84ab188a7c2a1208f4977717bc3e88b,519,2016-05-09T02:20:58.494+05:30,2016-05-09T02:29:50.597+05:30
675,3f1c42028a2d16e515c34266138c1685,58,2016-05-09T02:40:42.921+05:30,2016-05-09T02:41:41.456+05:30
676,7eb1fb24872cf110fcc059df32118753,982,2016-05-09T02:42:39.831+05:30,2016-05-09T02:59:09.507+05:30
677,56cce3b414272fffd7d0431f2775fc70,111,2016-05-09T02:12:30.417+05:30,2016-05-09T02:14:26.882+05:30
678,a454ae0618de5cef1b6b9251c6692ed8,360,2016-05-09T02:41:43.436+05:30,2016-05-09T02:47:45.616+05:30
679,a454ae0618de5cef1b6b9251c6692ed8,133,2016-05-09T02:53:00.926+05:30,2016-05-09T02:55:21.649+05:30
680,0bc30a538058355545a8120babfa0c96,48,2016-05-09T02:53:41.505+05:30,2016-05-09T02:54:33.806+05:30
681,0bc30a538058355545a8120babfa0c96,230,2016-05-09T02:55:20.830+05:30,2016-05-09T02:59:13.461+05:30
